{
    "name": "root",
    "gauges": {
        "Move.Policy.Entropy.mean": {
            "value": 1.2892744541168213,
            "min": 1.2890372276306152,
            "max": 1.4189382791519165,
            "count": 41
        },
        "Move.Policy.Entropy.sum": {
            "value": 16153.3203125,
            "min": 14824.517578125,
            "max": 17066.990234375,
            "count": 41
        },
        "Move.Environment.EpisodeLength.mean": {
            "value": 2075.0,
            "min": 113.55238095238096,
            "max": 8333.0,
            "count": 41
        },
        "Move.Environment.EpisodeLength.sum": {
            "value": 14525.0,
            "min": 7517.0,
            "max": 17645.0,
            "count": 41
        },
        "Move.Policy.ExtrinsicValueEstimate.mean": {
            "value": -0.08526663482189178,
            "min": -0.3965095579624176,
            "max": -0.03092978522181511,
            "count": 41
        },
        "Move.Policy.ExtrinsicValueEstimate.sum": {
            "value": -1.4495327472686768,
            "min": -30.72134780883789,
            "max": -0.4590647518634796,
            "count": 41
        },
        "Move.Environment.CumulativeReward.mean": {
            "value": -0.8617148197122982,
            "min": -1.012500461190939,
            "max": 0.18759971708059311,
            "count": 41
        },
        "Move.Environment.CumulativeReward.sum": {
            "value": -6.032003737986088,
            "min": -100.24300510808825,
            "max": 0.9379985854029655,
            "count": 41
        },
        "Move.Policy.ExtrinsicReward.mean": {
            "value": -0.8617148197122982,
            "min": -1.012500461190939,
            "max": 0.18759971708059311,
            "count": 41
        },
        "Move.Policy.ExtrinsicReward.sum": {
            "value": -6.032003737986088,
            "min": -100.24300510808825,
            "max": 0.9379985854029655,
            "count": 41
        },
        "Move.IsTraining.mean": {
            "value": 1.0,
            "min": 1.0,
            "max": 1.0,
            "count": 41
        },
        "Move.IsTraining.sum": {
            "value": 1.0,
            "min": 1.0,
            "max": 1.0,
            "count": 41
        },
        "Move.Losses.PolicyLoss.mean": {
            "value": 0.07057040149696392,
            "min": 0.06642334644013317,
            "max": 0.07785705690532269,
            "count": 40
        },
        "Move.Losses.PolicyLoss.sum": {
            "value": 0.07057040149696392,
            "min": 0.06642334644013317,
            "max": 0.07785705690532269,
            "count": 40
        },
        "Move.Losses.ValueLoss.mean": {
            "value": 0.00429263561018881,
            "min": 0.001282985877718174,
            "max": 0.04827897062525153,
            "count": 40
        },
        "Move.Losses.ValueLoss.sum": {
            "value": 0.00429263561018881,
            "min": 0.001282985877718174,
            "max": 0.04827897062525153,
            "count": 40
        },
        "Move.Policy.LearningRate.mean": {
            "value": 6.312697895800004e-06,
            "min": 6.312697895800004e-06,
            "max": 0.00029278320240560006,
            "count": 40
        },
        "Move.Policy.LearningRate.sum": {
            "value": 6.312697895800004e-06,
            "min": 6.312697895800004e-06,
            "max": 0.00029278320240560006,
            "count": 40
        },
        "Move.Policy.Epsilon.mean": {
            "value": 0.10210419999999998,
            "min": 0.10210419999999998,
            "max": 0.19759440000000003,
            "count": 40
        },
        "Move.Policy.Epsilon.sum": {
            "value": 0.10210419999999998,
            "min": 0.10210419999999998,
            "max": 0.19759440000000003,
            "count": 40
        },
        "Move.Policy.Beta.mean": {
            "value": 3.0831580000000003e-05,
            "min": 3.0831580000000003e-05,
            "max": 0.00097618456,
            "count": 40
        },
        "Move.Policy.Beta.sum": {
            "value": 3.0831580000000003e-05,
            "min": 3.0831580000000003e-05,
            "max": 0.00097618456,
            "count": 40
        }
    },
    "metadata": {
        "timer_format_version": "0.1.0",
        "start_time_seconds": "1614638857",
        "python_version": "3.8.8 (tags/v3.8.8:024d805, Feb 19 2021, 13:18:16) [MSC v.1928 64 bit (AMD64)]",
        "command_line_arguments": "C:\\Users\\Pablo\\AppData\\Local\\Packages\\PythonSoftwareFoundation.Python.3.8_qbz5n2kfra8p0\\LocalCache\\local-packages\\Python38\\Scripts\\mlagents-learn TrainingConfig\\pong_config.yaml --run-id=PongPong",
        "mlagents_version": "0.24.0",
        "mlagents_envs_version": "0.24.0",
        "communication_protocol_version": "1.4.0",
        "pytorch_version": "1.7.1+cpu",
        "numpy_version": "1.19.5",
        "end_time_seconds": "1614642112"
    },
    "total": 3254.5802823,
    "count": 1,
    "self": 0.012580800000250747,
    "children": {
        "run_training.setup": {
            "total": 0.2987251000000004,
            "count": 1,
            "self": 0.2987251000000004
        },
        "TrainerController.start_learning": {
            "total": 3254.2689763999997,
            "count": 1,
            "self": 14.187756800001353,
            "children": {
                "TrainerController._reset_env": {
                    "total": 25.111699200000004,
                    "count": 1,
                    "self": 25.111699200000004
                },
                "TrainerController.advance": {
                    "total": 3214.834700899998,
                    "count": 500843,
                    "self": 6.597089400040204,
                    "children": {
                        "env_step": {
                            "total": 3208.237611499958,
                            "count": 500843,
                            "self": 2628.1170513999095,
                            "children": {
                                "SubprocessEnvManager._take_step": {
                                    "total": 572.3994446000369,
                                    "count": 500843,
                                    "self": 31.87097170008792,
                                    "children": {
                                        "TorchPolicy.evaluate": {
                                            "total": 540.528472899949,
                                            "count": 500843,
                                            "self": 94.90363690012464,
                                            "children": {
                                                "TorchPolicy.sample_actions": {
                                                    "total": 445.6248359998243,
                                                    "count": 500843,
                                                    "self": 445.6248359998243
                                                }
                                            }
                                        }
                                    }
                                },
                                "workers": {
                                    "total": 7.721115500011706,
                                    "count": 500843,
                                    "self": 0.0,
                                    "children": {
                                        "worker_root": {
                                            "total": 3212.814885399943,
                                            "count": 500843,
                                            "is_parallel": true,
                                            "self": 1098.6686460000406,
                                            "children": {
                                                "steps_from_proto": {
                                                    "total": 0.0002786999999990769,